w_con,w_emit,w_with
0.042187499999999996,0.0045000000000000005,0.035250000000000004
