w_con,w_emit,w_with
0.04345703125,0.00439453125,0.03564453125
