w_con,w_emit,w_with
0.00925,0.005,0.035250000000000004
