w_with,w_con,w_emit,policy_label
7.111076462711164e-05,0.008700226383924037,0.0020879767575971955,water-emission policy
0.0,0.0,0.0,status quo
0.03564453125,0.0,0.0,high water withdrawal penalty
0.0,0.04345703125,0.0,high water consumption penalty
0.0,0.0,0.00439453125,high emission penalty
