w_with,w_con,w_emit,f_gen,f_with_tot,f_con_tot,f_disvi_tot,f_emit,f_ENS,f_w_with,f_w_con,f_w_emit,policy_label
0.0,0.0,0.0,4409456.264189504,5087077866.763688,296800060.1756136,0.0,123478623.33309999,-0.00018119084309261907,0.0,0.0,0.0,status quo
0.0,0.01293832149524448,0.0,6385919.278938684,17297988388.11026,50194234.55233087,0.0,293940164.84250003,-0.00018106448179618396,0.0,0.01293832149524448,0.0,high consumption penality
5.861882655234206e-05,0.006948488498696219,0.0034242730847756087,4641900.564888243,1057714061.9487219,266936130.71911028,0.0,56967935.7634,-0.00018118969963189948,5.861882655234206e-05,0.006948488498696219,0.0034242730847756087,high emission penality
0.037980527736788935,0.014246265336778391,0.0008839846675299853,6579196.790955953,279233397.3352479,226725836.60299826,0.0,244552434.2651,-0.00018070921687192957,0.037980527736788935,0.014246265336778391,0.0008839846675299853,high withdrawal penality
0.003813143489321956,0.2880024522576329,0.03851976525935339,5186690.359442655,799962710.6977497,240385476.26737297,0.0,83662860.55810001,-0.00018101416341990533,0.003813143489321956,0.2880024522576329,0.03851976525935339,water-emission policy
