w_with,w_con,w_emit,f_gen,f_with_tot,f_con_tot,f_disvi_tot,f_emit,f_ENS,f_weight_tot,policy_label
0.0,0.0,0.04905863304364427,4641857.767492507,791006844.3787534,270414114.1989625,0.0,56967936.5253,-0.000181142990429147,0.04905863304364427,high emission penality
0.0,0.0,0.0,4409456.264189504,5087077866.763688,296800060.1756136,0.0,123478623.33309999,-0.00018119084309261907,0.0,status quo
0.038808473860567544,0.09523097509407229,0.19601627158841306,4989849.435704224,318798545.91288304,255516280.1072664,0.0,71481961.2042,-0.00018071828015460333,0.3300557205430529,water-emission policy
0.0,0.0273740759470733,0.0048796866857786555,6385919.296982652,17297986660.676857,50194229.03225565,0.0,293940148.0944,-0.00018110438274066972,0.03225376263285196,high consumption penality
0.0010887537749180096,0.05110983788928604,0.0,6579196.785262543,279233399.273525,226725838.15758002,0.0,244552434.4212,-0.0001810523553726278,0.05219859166420405,high withdrawal penality
