f_con,f_with
3.3241164927267088e6,1.5389366817149982e7
