f_con,f_gen,f_with
2.866880896747254e8,5.050384286373122e6,3.5793265344208014e8
