f_con,f_gen,f_with
3.3241164927267087e8,4.5609269714982025e6,1.5389366817149982e9
