f_con,f_with
2.8668808967472548e6,3.579326534420802e6
