f_ENS,f_con_peak,f_con_tot,f_cos_tot,f_disvi_tot,f_emit,f_gen,f_with_peak,f_with_tot
-0.0001555199804910872,4.17831786323472e7,2.463046025720489e8,5.58148584772206e8,0.0,57.99924663910922,4.328449224354975e6,5.217005307978814e7,3.0751553297580206e8
