f_con,f_gen,f_with,dec_scenario,gen_scenario
3.3241164927267087e8,4.5609269714982025e6,1.5389366817149982e9,No weights,Normal
2.991967681925416e8,4.846313082786443e6,3.7356850154462576e8,High w_with_coal,Normal
2.8640438119123733e8,4.753340940097081e6,9.543775175812501e8,High w_con_coal,Normal
3.3241164989525115e8,4.560926971584056e6,1.5389366741707711e9,High w_with_ng,Normal
3.3241164958882844e8,4.560926971476236e6,1.538936678921807e9,High w_con_ng,Normal
1.8066593691861433e8,6.394852266348887e6,3.4022750035626693e9,High w_with_nuc,Normal
1.8066593528688663e8,6.394852266252978e6,3.4022750303890495e9,High w_con_nuc,Normal
