f_ENS,f_con_peak,f_con_tot,f_disvi_tot,f_emit,f_gen,f_with_peak,f_with_tot
-5.183999349702902e-5,4.17831786323472e7,8.268740459040499e7,0.0,19.30378460503798,1.442566600348181e6,5.217005307978814e7,1.0323818399248238e8
