f_con_peak,f_con_tot,f_gen,f_with_peak,f_with_tot,dec_scenario,gen_scenario
4.832969255781872e7,3.3241164927267087e8,4.5609269714982025e6,2.3949645197237262e8,1.5389366817149982e9,No weights,Normal
4.3652129923581704e7,2.991967681925416e8,4.846313082786443e6,5.450199529808376e7,3.7356850154462576e8,High w_with_coal,Normal
4.1875529484898254e7,2.8640438119123733e8,4.753340940097081e6,2.6346156888775015e8,9.543775175812501e8,High w_con_coal,Normal
4.832969256519389e7,3.3241164989525115e8,4.560926971584056e6,2.3949645110275933e8,1.5389366741707711e9,High w_with_ng,Normal
4.832969199694342e7,3.3241164958882844e8,4.560926971476236e6,2.394964564181188e8,1.538936678921807e9,High w_con_ng,Normal
2.6452136924776476e7,1.8066593691861433e8,6.394852266348887e6,5.385153623354793e8,3.4022750035626693e9,High w_with_nuc,Normal
2.6452136884258725e7,1.8066593528688663e8,6.394852266252978e6,5.385153631163516e8,3.4022750303890495e9,High w_con_nuc,Normal
