f_con,f_gen,f_with,dec_scenario,gen_scenario
3.3241164927267087e8,4.5609269714982025e6,1.5389366817149982e9,No weights,Normal
2.991967681925416e8,4.846313082786443e6,3.7356850154462576e8,High w_with_coal,Normal
